text,label
What is the difference between stocks and bonds?,"Stocks represent ownership in a company, offering potential for higher returns but with higher risk. Bonds are debt instruments where you lend money to an entity for fixed interest payments, offering more stability but typically lower returns."
Can you explain how stocks and bonds? compare?,"Stocks represent ownership in a company, offering potential for higher returns but with higher risk. Bonds are debt instruments where you lend money to an entity for fixed interest payments, offering more stability but typically lower returns."
What makes stocks and bonds? different from each other?,"Stocks represent ownership in a company, offering potential for higher returns but with higher risk. Bonds are debt instruments where you lend money to an entity for fixed interest payments, offering more stability but typically lower returns."
Can you explain the difference between stocks and bonds??,"Stocks represent ownership in a company, offering potential for higher returns but with higher risk. Bonds are debt instruments where you lend money to an entity for fixed interest payments, offering more stability but typically lower returns."
Tell me about the difference between stocks and bonds?,"Stocks represent ownership in a company, offering potential for higher returns but with higher risk. Bonds are debt instruments where you lend money to an entity for fixed interest payments, offering more stability but typically lower returns."
"Could you explain stocks and bonds, can you tell me more?","Stocks represent ownership in a company, offering potential for higher returns but with higher risk. Bonds are debt instruments where you lend money to an entity for fixed interest payments, offering more stability but typically lower returns."
"Could you explain stocks and bonds, I'm trying to learn.","Stocks represent ownership in a company, offering potential for higher returns but with higher risk. Bonds are debt instruments where you lend money to an entity for fixed interest payments, offering more stability but typically lower returns."
How should I diversify my investment portfolio?,"Effective diversification involves spreading investments across different asset classes (stocks, bonds, real estate), industries, geographic regions, and risk levels. Aim for a mix that aligns with your financial goals, time horizon, and risk tolerance."
What's the best way to should i diversify my investment portfolio?,"Effective diversification involves spreading investments across different asset classes (stocks, bonds, real estate), industries, geographic regions, and risk levels. Aim for a mix that aligns with your financial goals, time horizon, and risk tolerance."
Could you tell me about should i diversify my investment portfolio?,"Effective diversification involves spreading investments across different asset classes (stocks, bonds, real estate), industries, geographic regions, and risk levels. Aim for a mix that aligns with your financial goals, time horizon, and risk tolerance."
"Could you explain how should i diversify my investment portfolio, I'm really confused.","Effective diversification involves spreading investments across different asset classes (stocks, bonds, real estate), industries, geographic regions, and risk levels. Aim for a mix that aligns with your financial goals, time horizon, and risk tolerance."
"I'm confused about how should i diversify my investment portfolio, can you tell me more?","Effective diversification involves spreading investments across different asset classes (stocks, bonds, real estate), industries, geographic regions, and risk levels. Aim for a mix that aligns with your financial goals, time horizon, and risk tolerance."
What is dollar-cost averaging?,Dollar-cost averaging is an investment strategy where you invest a fixed amount regularly regardless of market conditions. This reduces the impact of market volatility as you buy more shares when prices are low and fewer when prices are high.
Can you explain dollar-cost averaging??,Dollar-cost averaging is an investment strategy where you invest a fixed amount regularly regardless of market conditions. This reduces the impact of market volatility as you buy more shares when prices are low and fewer when prices are high.
Tell me about dollar-cost averaging?,Dollar-cost averaging is an investment strategy where you invest a fixed amount regularly regardless of market conditions. This reduces the impact of market volatility as you buy more shares when prices are low and fewer when prices are high.
"I'd like to know more about dollar-cost averaging, I'm trying to learn.",Dollar-cost averaging is an investment strategy where you invest a fixed amount regularly regardless of market conditions. This reduces the impact of market volatility as you buy more shares when prices are low and fewer when prices are high.
"I'm confused about dollar-cost averaging, I'm trying to learn.",Dollar-cost averaging is an investment strategy where you invest a fixed amount regularly regardless of market conditions. This reduces the impact of market volatility as you buy more shares when prices are low and fewer when prices are high.
How much should I save for retirement?,"A general guideline is to save 15-20% of your annual income for retirement. However, the ideal amount depends on your desired retirement lifestyle, expected retirement age, current age, and existing savings. Consider using the 4% rule for estimating your retirement nest egg."
What's the best way to much should i save for retirement?,"A general guideline is to save 15-20% of your annual income for retirement. However, the ideal amount depends on your desired retirement lifestyle, expected retirement age, current age, and existing savings. Consider using the 4% rule for estimating your retirement nest egg."
Could you tell me about much should i save for retirement?,"A general guideline is to save 15-20% of your annual income for retirement. However, the ideal amount depends on your desired retirement lifestyle, expected retirement age, current age, and existing savings. Consider using the 4% rule for estimating your retirement nest egg."
"I've heard about how much should i save for retirement, how does that work?","A general guideline is to save 15-20% of your annual income for retirement. However, the ideal amount depends on your desired retirement lifestyle, expected retirement age, current age, and existing savings. Consider using the 4% rule for estimating your retirement nest egg."
"I'm confused about how much should i save for retirement, what does that mean exactly?","A general guideline is to save 15-20% of your annual income for retirement. However, the ideal amount depends on your desired retirement lifestyle, expected retirement age, current age, and existing savings. Consider using the 4% rule for estimating your retirement nest egg."
What is the difference between a traditional IRA and a Roth IRA?,"Traditional IRAs offer tax-deductible contributions with taxes paid on withdrawals during retirement. Roth IRAs use after-tax contributions with tax-free qualified withdrawals. Traditional IRAs have required minimum distributions (RMDs) starting at age 72, while Roth IRAs don't have RMDs."
Can you explain how a traditional ira and a roth ira? compare?,"Traditional IRAs offer tax-deductible contributions with taxes paid on withdrawals during retirement. Roth IRAs use after-tax contributions with tax-free qualified withdrawals. Traditional IRAs have required minimum distributions (RMDs) starting at age 72, while Roth IRAs don't have RMDs."
What makes a traditional ira and a roth ira? different from each other?,"Traditional IRAs offer tax-deductible contributions with taxes paid on withdrawals during retirement. Roth IRAs use after-tax contributions with tax-free qualified withdrawals. Traditional IRAs have required minimum distributions (RMDs) starting at age 72, while Roth IRAs don't have RMDs."
Can you explain the difference between a traditional ira and a roth ira??,"Traditional IRAs offer tax-deductible contributions with taxes paid on withdrawals during retirement. Roth IRAs use after-tax contributions with tax-free qualified withdrawals. Traditional IRAs have required minimum distributions (RMDs) starting at age 72, while Roth IRAs don't have RMDs."
Tell me about the difference between a traditional ira and a roth ira?,"Traditional IRAs offer tax-deductible contributions with taxes paid on withdrawals during retirement. Roth IRAs use after-tax contributions with tax-free qualified withdrawals. Traditional IRAs have required minimum distributions (RMDs) starting at age 72, while Roth IRAs don't have RMDs."
"I need some help understanding a traditional ira and a roth ira, I need to understand this.","Traditional IRAs offer tax-deductible contributions with taxes paid on withdrawals during retirement. Roth IRAs use after-tax contributions with tax-free qualified withdrawals. Traditional IRAs have required minimum distributions (RMDs) starting at age 72, while Roth IRAs don't have RMDs."
"I'm not sure about a traditional ira and a roth ira, what's that all about?","Traditional IRAs offer tax-deductible contributions with taxes paid on withdrawals during retirement. Roth IRAs use after-tax contributions with tax-free qualified withdrawals. Traditional IRAs have required minimum distributions (RMDs) starting at age 72, while Roth IRAs don't have RMDs."
How do capital gains taxes work?,"Capital gains tax applies to profits from selling investments. Short-term gains (assets held less than a year) are taxed as ordinary income. Long-term gains (assets held over a year) are taxed at preferential rates: 0%, 15%, or 20% depending on your income bracket, plus potentially a 3.8% net investment income tax."
What's the best way to do capital gains taxes work?,"Capital gains tax applies to profits from selling investments. Short-term gains (assets held less than a year) are taxed as ordinary income. Long-term gains (assets held over a year) are taxed at preferential rates: 0%, 15%, or 20% depending on your income bracket, plus potentially a 3.8% net investment income tax."
Could you tell me about do capital gains taxes work?,"Capital gains tax applies to profits from selling investments. Short-term gains (assets held less than a year) are taxed as ordinary income. Long-term gains (assets held over a year) are taxed at preferential rates: 0%, 15%, or 20% depending on your income bracket, plus potentially a 3.8% net investment income tax."
"I'd like to know more about capital gains taxes work, what does that mean exactly?","Capital gains tax applies to profits from selling investments. Short-term gains (assets held less than a year) are taxed as ordinary income. Long-term gains (assets held over a year) are taxed at preferential rates: 0%, 15%, or 20% depending on your income bracket, plus potentially a 3.8% net investment income tax."
"Could you explain capital gains taxes work, how does that work?","Capital gains tax applies to profits from selling investments. Short-term gains (assets held less than a year) are taxed as ordinary income. Long-term gains (assets held over a year) are taxed at preferential rates: 0%, 15%, or 20% depending on your income bracket, plus potentially a 3.8% net investment income tax."
What is estate planning and why is it important?,"Estate planning involves arranging for the management and distribution of your assets after death. It includes creating wills, trusts, designating beneficiaries, and establishing power of attorney. It's important to ensure your wishes are fulfilled, minimize taxes, and prevent family disputes."
Can you explain estate planning and why is it important??,"Estate planning involves arranging for the management and distribution of your assets after death. It includes creating wills, trusts, designating beneficiaries, and establishing power of attorney. It's important to ensure your wishes are fulfilled, minimize taxes, and prevent family disputes."
Tell me about estate planning and why is it important?,"Estate planning involves arranging for the management and distribution of your assets after death. It includes creating wills, trusts, designating beneficiaries, and establishing power of attorney. It's important to ensure your wishes are fulfilled, minimize taxes, and prevent family disputes."
I'd like to know more about estate planning and why is it important?,"Estate planning involves arranging for the management and distribution of your assets after death. It includes creating wills, trusts, designating beneficiaries, and establishing power of attorney. It's important to ensure your wishes are fulfilled, minimize taxes, and prevent family disputes."
Quick question about estate planning and why is it important?,"Estate planning involves arranging for the management and distribution of your assets after death. It includes creating wills, trusts, designating beneficiaries, and establishing power of attorney. It's important to ensure your wishes are fulfilled, minimize taxes, and prevent family disputes."
How do I choose between a financial advisor and robo-advisor?,"Financial advisors offer personalized guidance and comprehensive planning but charge higher fees (typically 1-2% of assets). Robo-advisors provide automated, algorithm-based portfolio management with lower fees (0.25-0.50%) but less personalization. Consider your needs for personalization, complexity of finances, and cost sensitivity."
What's the best way to do i choose between a financial advisor and robo-advisor?,"Financial advisors offer personalized guidance and comprehensive planning but charge higher fees (typically 1-2% of assets). Robo-advisors provide automated, algorithm-based portfolio management with lower fees (0.25-0.50%) but less personalization. Consider your needs for personalization, complexity of finances, and cost sensitivity."
Could you tell me about do i choose between a financial advisor and robo-advisor?,"Financial advisors offer personalized guidance and comprehensive planning but charge higher fees (typically 1-2% of assets). Robo-advisors provide automated, algorithm-based portfolio management with lower fees (0.25-0.50%) but less personalization. Consider your needs for personalization, complexity of finances, and cost sensitivity."
I'd like to know more about i choose between a financial advisor and robo-advisor?,"Financial advisors offer personalized guidance and comprehensive planning but charge higher fees (typically 1-2% of assets). Robo-advisors provide automated, algorithm-based portfolio management with lower fees (0.25-0.50%) but less personalization. Consider your needs for personalization, complexity of finances, and cost sensitivity."
"Can you help me understand i choose between a financial advisor and robo-advisor, could you break it down for me?","Financial advisors offer personalized guidance and comprehensive planning but charge higher fees (typically 1-2% of assets). Robo-advisors provide automated, algorithm-based portfolio management with lower fees (0.25-0.50%) but less personalization. Consider your needs for personalization, complexity of finances, and cost sensitivity."
What is the 4% rule in retirement planning?,"The 4% rule suggests withdrawing 4% of your retirement savings in the first year, then adjusting that amount for inflation each subsequent year. This approach is designed to provide income throughout retirement (typically 30 years) without depleting your principal too quickly."
Can you explain the 4% rule in retirement planning??,"The 4% rule suggests withdrawing 4% of your retirement savings in the first year, then adjusting that amount for inflation each subsequent year. This approach is designed to provide income throughout retirement (typically 30 years) without depleting your principal too quickly."
Tell me about the 4% rule in retirement planning?,"The 4% rule suggests withdrawing 4% of your retirement savings in the first year, then adjusting that amount for inflation each subsequent year. This approach is designed to provide income throughout retirement (typically 30 years) without depleting your principal too quickly."
"I've heard about the 4% rule in retirement planning, what does that mean exactly?","The 4% rule suggests withdrawing 4% of your retirement savings in the first year, then adjusting that amount for inflation each subsequent year. This approach is designed to provide income throughout retirement (typically 30 years) without depleting your principal too quickly."
"I'm not sure about the 4% rule in retirement planning, I'm trying to learn.","The 4% rule suggests withdrawing 4% of your retirement savings in the first year, then adjusting that amount for inflation each subsequent year. This approach is designed to provide income throughout retirement (typically 30 years) without depleting your principal too quickly."
How should I prioritize between paying off debt and investing?,"Generally, prioritize high-interest debt (>7%) before investing beyond employer matches. Pay off credit cards first, then consider student loans and mortgages based on interest rates versus potential investment returns. Maintain emergency savings regardless of debt situation. Balance emotional benefits of debt freedom with mathematical optimization."
What's the best way to should i prioritize between paying off debt and investing?,"Generally, prioritize high-interest debt (>7%) before investing beyond employer matches. Pay off credit cards first, then consider student loans and mortgages based on interest rates versus potential investment returns. Maintain emergency savings regardless of debt situation. Balance emotional benefits of debt freedom with mathematical optimization."
Could you tell me about should i prioritize between paying off debt and investing?,"Generally, prioritize high-interest debt (>7%) before investing beyond employer matches. Pay off credit cards first, then consider student loans and mortgages based on interest rates versus potential investment returns. Maintain emergency savings regardless of debt situation. Balance emotional benefits of debt freedom with mathematical optimization."
"Hey, I was wondering about how should i prioritize between paying off debt and investing, what does that mean exactly?","Generally, prioritize high-interest debt (>7%) before investing beyond employer matches. Pay off credit cards first, then consider student loans and mortgages based on interest rates versus potential investment returns. Maintain emergency savings regardless of debt situation. Balance emotional benefits of debt freedom with mathematical optimization."
"I need some help understanding how should i prioritize between paying off debt and investing, can you explain that?","Generally, prioritize high-interest debt (>7%) before investing beyond employer matches. Pay off credit cards first, then consider student loans and mortgages based on interest rates versus potential investment returns. Maintain emergency savings regardless of debt situation. Balance emotional benefits of debt freedom with mathematical optimization."
What is a mutual fund?,"A mutual fund is an investment vehicle that pools money from many investors to purchase a diversified portfolio of stocks, bonds, or other securities. Professional fund managers make investment decisions aligned with the fund's goals, providing diversification and professional management for individual investors."
Can you explain a mutual fund??,"A mutual fund is an investment vehicle that pools money from many investors to purchase a diversified portfolio of stocks, bonds, or other securities. Professional fund managers make investment decisions aligned with the fund's goals, providing diversification and professional management for individual investors."
Tell me about a mutual fund?,"A mutual fund is an investment vehicle that pools money from many investors to purchase a diversified portfolio of stocks, bonds, or other securities. Professional fund managers make investment decisions aligned with the fund's goals, providing diversification and professional management for individual investors."
"I need some help understanding a mutual fund, what does that mean exactly?","A mutual fund is an investment vehicle that pools money from many investors to purchase a diversified portfolio of stocks, bonds, or other securities. Professional fund managers make investment decisions aligned with the fund's goals, providing diversification and professional management for individual investors."
"So, a mutual fund, could you break it down for me?","A mutual fund is an investment vehicle that pools money from many investors to purchase a diversified portfolio of stocks, bonds, or other securities. Professional fund managers make investment decisions aligned with the fund's goals, providing diversification and professional management for individual investors."
How do ETFs differ from mutual funds?,"ETFs (Exchange-Traded Funds) trade on exchanges like stocks with prices fluctuating throughout the day, while mutual funds trade once daily at the closing NAV price. ETFs typically have lower expense ratios, greater tax efficiency, lower investment minimums, and more trading flexibility than mutual funds."
What's the best way to do etfs differ from mutual funds?,"ETFs (Exchange-Traded Funds) trade on exchanges like stocks with prices fluctuating throughout the day, while mutual funds trade once daily at the closing NAV price. ETFs typically have lower expense ratios, greater tax efficiency, lower investment minimums, and more trading flexibility than mutual funds."
Could you tell me about do etfs differ from mutual funds?,"ETFs (Exchange-Traded Funds) trade on exchanges like stocks with prices fluctuating throughout the day, while mutual funds trade once daily at the closing NAV price. ETFs typically have lower expense ratios, greater tax efficiency, lower investment minimums, and more trading flexibility than mutual funds."
"Hey, I was wondering about etfs differ from mutual funds, I'm really confused.","ETFs (Exchange-Traded Funds) trade on exchanges like stocks with prices fluctuating throughout the day, while mutual funds trade once daily at the closing NAV price. ETFs typically have lower expense ratios, greater tax efficiency, lower investment minimums, and more trading flexibility than mutual funds."
"I've heard about etfs differ from mutual funds, can you explain that?","ETFs (Exchange-Traded Funds) trade on exchanges like stocks with prices fluctuating throughout the day, while mutual funds trade once daily at the closing NAV price. ETFs typically have lower expense ratios, greater tax efficiency, lower investment minimums, and more trading flexibility than mutual funds."
What's the difference between active and passive investing?,Active investing involves attempting to outperform market indexes through strategic security selection and market timing. Passive investing aims to match market performance by tracking indexes with minimal trading. Active strategies have higher fees and potential for outperformance but most underperform passive approaches over time.
Can you explain how active and passive investing? compare?,Active investing involves attempting to outperform market indexes through strategic security selection and market timing. Passive investing aims to match market performance by tracking indexes with minimal trading. Active strategies have higher fees and potential for outperformance but most underperform passive approaches over time.
What makes active and passive investing? different from each other?,Active investing involves attempting to outperform market indexes through strategic security selection and market timing. Passive investing aims to match market performance by tracking indexes with minimal trading. Active strategies have higher fees and potential for outperformance but most underperform passive approaches over time.
Could you explain active and passive investing?,Active investing involves attempting to outperform market indexes through strategic security selection and market timing. Passive investing aims to match market performance by tracking indexes with minimal trading. Active strategies have higher fees and potential for outperformance but most underperform passive approaches over time.
"Hey, I was wondering about active and passive investing, what does that mean exactly?",Active investing involves attempting to outperform market indexes through strategic security selection and market timing. Passive investing aims to match market performance by tracking indexes with minimal trading. Active strategies have higher fees and potential for outperformance but most underperform passive approaches over time.
What is tax-loss harvesting?,Tax-loss harvesting involves selling investments at a loss to offset capital gains tax liability. The strategy allows you to maintain market exposure by immediately reinvesting in similar (but not identical) securities. This can reduce your tax burden while maintaining your overall investment strategy.
Can you explain tax-loss harvesting??,Tax-loss harvesting involves selling investments at a loss to offset capital gains tax liability. The strategy allows you to maintain market exposure by immediately reinvesting in similar (but not identical) securities. This can reduce your tax burden while maintaining your overall investment strategy.
Tell me about tax-loss harvesting?,Tax-loss harvesting involves selling investments at a loss to offset capital gains tax liability. The strategy allows you to maintain market exposure by immediately reinvesting in similar (but not identical) securities. This can reduce your tax burden while maintaining your overall investment strategy.
"I'd like to know more about tax-loss harvesting, what does that mean exactly?",Tax-loss harvesting involves selling investments at a loss to offset capital gains tax liability. The strategy allows you to maintain market exposure by immediately reinvesting in similar (but not identical) securities. This can reduce your tax burden while maintaining your overall investment strategy.
I'm confused about tax-loss harvesting?,Tax-loss harvesting involves selling investments at a loss to offset capital gains tax liability. The strategy allows you to maintain market exposure by immediately reinvesting in similar (but not identical) securities. This can reduce your tax burden while maintaining your overall investment strategy.
How much should I have in an emergency fund?,"An emergency fund should typically cover 3-6 months of essential expenses, though some advisors recommend 6-12 months. Those with variable income or specialized careers might need larger reserves. Keep these funds in liquid, accessible accounts like high-yield savings accounts or money market funds."
What's the best way to much should i have in an emergency fund?,"An emergency fund should typically cover 3-6 months of essential expenses, though some advisors recommend 6-12 months. Those with variable income or specialized careers might need larger reserves. Keep these funds in liquid, accessible accounts like high-yield savings accounts or money market funds."
Could you tell me about much should i have in an emergency fund?,"An emergency fund should typically cover 3-6 months of essential expenses, though some advisors recommend 6-12 months. Those with variable income or specialized careers might need larger reserves. Keep these funds in liquid, accessible accounts like high-yield savings accounts or money market funds."
"I'm confused about how much should i have in an emergency fund, I'm trying to learn.","An emergency fund should typically cover 3-6 months of essential expenses, though some advisors recommend 6-12 months. Those with variable income or specialized careers might need larger reserves. Keep these funds in liquid, accessible accounts like high-yield savings accounts or money market funds."
"Can you help me understand how much should i have in an emergency fund, can you tell me more?","An emergency fund should typically cover 3-6 months of essential expenses, though some advisors recommend 6-12 months. Those with variable income or specialized careers might need larger reserves. Keep these funds in liquid, accessible accounts like high-yield savings accounts or money market funds."
What is asset allocation?,"Asset allocation is the process of dividing investments among different asset categories like stocks, bonds, real estate, and cash based on goals, risk tolerance, and time horizon. It's considered one of the most important factors in determining long-term investment performance and portfolio volatility."
Can you explain asset allocation??,"Asset allocation is the process of dividing investments among different asset categories like stocks, bonds, real estate, and cash based on goals, risk tolerance, and time horizon. It's considered one of the most important factors in determining long-term investment performance and portfolio volatility."
Tell me about asset allocation?,"Asset allocation is the process of dividing investments among different asset categories like stocks, bonds, real estate, and cash based on goals, risk tolerance, and time horizon. It's considered one of the most important factors in determining long-term investment performance and portfolio volatility."
"Hey, I was wondering about asset allocation, what does that mean exactly?","Asset allocation is the process of dividing investments among different asset categories like stocks, bonds, real estate, and cash based on goals, risk tolerance, and time horizon. It's considered one of the most important factors in determining long-term investment performance and portfolio volatility."
"I'm not sure about asset allocation, I need to understand this.","Asset allocation is the process of dividing investments among different asset categories like stocks, bonds, real estate, and cash based on goals, risk tolerance, and time horizon. It's considered one of the most important factors in determining long-term investment performance and portfolio volatility."
How does a 401(k) work?,"A 401(k) is an employer-sponsored retirement plan where employees contribute pre-tax income, reducing their taxable income. Employers often match contributions up to a certain percentage. Investments grow tax-deferred until withdrawal in retirement, when they're taxed as ordinary income. Early withdrawals before age 59½ typically incur penalties."
What's the best way to does a 401(k) work?,"A 401(k) is an employer-sponsored retirement plan where employees contribute pre-tax income, reducing their taxable income. Employers often match contributions up to a certain percentage. Investments grow tax-deferred until withdrawal in retirement, when they're taxed as ordinary income. Early withdrawals before age 59½ typically incur penalties."
Could you tell me about does a 401(k) work?,"A 401(k) is an employer-sponsored retirement plan where employees contribute pre-tax income, reducing their taxable income. Employers often match contributions up to a certain percentage. Investments grow tax-deferred until withdrawal in retirement, when they're taxed as ordinary income. Early withdrawals before age 59½ typically incur penalties."
"I'm not sure about a 401(k) work, I'm really confused.","A 401(k) is an employer-sponsored retirement plan where employees contribute pre-tax income, reducing their taxable income. Employers often match contributions up to a certain percentage. Investments grow tax-deferred until withdrawal in retirement, when they're taxed as ordinary income. Early withdrawals before age 59½ typically incur penalties."
"I need some help understanding a 401(k) work, could you break it down for me?","A 401(k) is an employer-sponsored retirement plan where employees contribute pre-tax income, reducing their taxable income. Employers often match contributions up to a certain percentage. Investments grow tax-deferred until withdrawal in retirement, when they're taxed as ordinary income. Early withdrawals before age 59½ typically incur penalties."
What is a fiduciary financial advisor?,"A fiduciary financial advisor is legally obligated to put clients' best interests first, avoiding conflicts of interest and disclosing all fees and commissions. Unlike advisors following the suitability standard, fiduciaries must recommend the best options for clients rather than merely suitable ones. They typically charge transparent fees rather than commissions."
Can you explain a fiduciary financial advisor??,"A fiduciary financial advisor is legally obligated to put clients' best interests first, avoiding conflicts of interest and disclosing all fees and commissions. Unlike advisors following the suitability standard, fiduciaries must recommend the best options for clients rather than merely suitable ones. They typically charge transparent fees rather than commissions."
Tell me about a fiduciary financial advisor?,"A fiduciary financial advisor is legally obligated to put clients' best interests first, avoiding conflicts of interest and disclosing all fees and commissions. Unlike advisors following the suitability standard, fiduciaries must recommend the best options for clients rather than merely suitable ones. They typically charge transparent fees rather than commissions."
"Hey, I was wondering about a fiduciary financial advisor?","A fiduciary financial advisor is legally obligated to put clients' best interests first, avoiding conflicts of interest and disclosing all fees and commissions. Unlike advisors following the suitability standard, fiduciaries must recommend the best options for clients rather than merely suitable ones. They typically charge transparent fees rather than commissions."
"Quick question about a fiduciary financial advisor, I'm really confused.","A fiduciary financial advisor is legally obligated to put clients' best interests first, avoiding conflicts of interest and disclosing all fees and commissions. Unlike advisors following the suitability standard, fiduciaries must recommend the best options for clients rather than merely suitable ones. They typically charge transparent fees rather than commissions."
How do I create a financial plan?,"Creating a financial plan involves assessing your current situation, defining goals, identifying gaps, developing strategies, implementing changes, and regularly reviewing progress. Key components include budgeting, debt management, emergency savings, insurance coverage, retirement planning, investment strategy, tax planning, and estate planning."
What's the best way to do i create a financial plan?,"Creating a financial plan involves assessing your current situation, defining goals, identifying gaps, developing strategies, implementing changes, and regularly reviewing progress. Key components include budgeting, debt management, emergency savings, insurance coverage, retirement planning, investment strategy, tax planning, and estate planning."
Could you tell me about do i create a financial plan?,"Creating a financial plan involves assessing your current situation, defining goals, identifying gaps, developing strategies, implementing changes, and regularly reviewing progress. Key components include budgeting, debt management, emergency savings, insurance coverage, retirement planning, investment strategy, tax planning, and estate planning."
"I'm not sure about i create a financial plan, I need to understand this.","Creating a financial plan involves assessing your current situation, defining goals, identifying gaps, developing strategies, implementing changes, and regularly reviewing progress. Key components include budgeting, debt management, emergency savings, insurance coverage, retirement planning, investment strategy, tax planning, and estate planning."
"Can you help me understand i create a financial plan, I'm really confused.","Creating a financial plan involves assessing your current situation, defining goals, identifying gaps, developing strategies, implementing changes, and regularly reviewing progress. Key components include budgeting, debt management, emergency savings, insurance coverage, retirement planning, investment strategy, tax planning, and estate planning."
What's the difference between term and whole life insurance?,Term life insurance provides coverage for a specific period (10-30 years) with lower premiums and no cash value component. Whole life insurance covers your entire lifetime with higher premiums but includes a cash value component that grows tax-advantaged over time and can be borrowed against or withdrawn.
Can you explain how term and whole life insurance? compare?,Term life insurance provides coverage for a specific period (10-30 years) with lower premiums and no cash value component. Whole life insurance covers your entire lifetime with higher premiums but includes a cash value component that grows tax-advantaged over time and can be borrowed against or withdrawn.
What makes term and whole life insurance? different from each other?,Term life insurance provides coverage for a specific period (10-30 years) with lower premiums and no cash value component. Whole life insurance covers your entire lifetime with higher premiums but includes a cash value component that grows tax-advantaged over time and can be borrowed against or withdrawn.
"Quick question about term and whole life insurance, can you tell me more?",Term life insurance provides coverage for a specific period (10-30 years) with lower premiums and no cash value component. Whole life insurance covers your entire lifetime with higher premiums but includes a cash value component that grows tax-advantaged over time and can be borrowed against or withdrawn.
"I've heard about term and whole life insurance, how does that work?",Term life insurance provides coverage for a specific period (10-30 years) with lower premiums and no cash value component. Whole life insurance covers your entire lifetime with higher premiums but includes a cash value component that grows tax-advantaged over time and can be borrowed against or withdrawn.
What is the Rule of 72?,"The Rule of 72 is a simple formula to estimate how long it takes for an investment to double. Divide 72 by the annual rate of return to get the approximate years required. For example, an 8% return would double your money in about 9 years (72÷8=9). It's a quick mental calculation to understand growth potential."
Can you explain the rule of 72??,"The Rule of 72 is a simple formula to estimate how long it takes for an investment to double. Divide 72 by the annual rate of return to get the approximate years required. For example, an 8% return would double your money in about 9 years (72÷8=9). It's a quick mental calculation to understand growth potential."
Tell me about the rule of 72?,"The Rule of 72 is a simple formula to estimate how long it takes for an investment to double. Divide 72 by the annual rate of return to get the approximate years required. For example, an 8% return would double your money in about 9 years (72÷8=9). It's a quick mental calculation to understand growth potential."
"I need some help understanding the rule of 72, can you tell me more?","The Rule of 72 is a simple formula to estimate how long it takes for an investment to double. Divide 72 by the annual rate of return to get the approximate years required. For example, an 8% return would double your money in about 9 years (72÷8=9). It's a quick mental calculation to understand growth potential."
"I'd like to know more about the rule of 72, can you explain that?","The Rule of 72 is a simple formula to estimate how long it takes for an investment to double. Divide 72 by the annual rate of return to get the approximate years required. For example, an 8% return would double your money in about 9 years (72÷8=9). It's a quick mental calculation to understand growth potential."
How do target-date retirement funds work?,"Target-date funds automatically adjust asset allocation based on your expected retirement year. They start more aggressive with higher stock allocations when retirement is distant, gradually becoming more conservative by increasing bond allocations as retirement approaches. They offer simple, professional management with automatic rebalancing in a single diversified fund."
What's the best way to do target-date retirement funds work?,"Target-date funds automatically adjust asset allocation based on your expected retirement year. They start more aggressive with higher stock allocations when retirement is distant, gradually becoming more conservative by increasing bond allocations as retirement approaches. They offer simple, professional management with automatic rebalancing in a single diversified fund."
Could you tell me about do target-date retirement funds work?,"Target-date funds automatically adjust asset allocation based on your expected retirement year. They start more aggressive with higher stock allocations when retirement is distant, gradually becoming more conservative by increasing bond allocations as retirement approaches. They offer simple, professional management with automatic rebalancing in a single diversified fund."
"Can you help me understand target-date retirement funds work, can you tell me more?","Target-date funds automatically adjust asset allocation based on your expected retirement year. They start more aggressive with higher stock allocations when retirement is distant, gradually becoming more conservative by increasing bond allocations as retirement approaches. They offer simple, professional management with automatic rebalancing in a single diversified fund."
I've heard about target-date retirement funds work?,"Target-date funds automatically adjust asset allocation based on your expected retirement year. They start more aggressive with higher stock allocations when retirement is distant, gradually becoming more conservative by increasing bond allocations as retirement approaches. They offer simple, professional management with automatic rebalancing in a single diversified fund."
What is a bond ladder?,"A bond ladder is a strategy of buying bonds with staggered maturity dates to manage interest rate risk and maintain liquidity. As each bond matures, you reinvest at current rates. This provides regular access to principal, captures higher rates when available, and reduces overall portfolio risk through diversification across different maturities."
Can you explain a bond ladder??,"A bond ladder is a strategy of buying bonds with staggered maturity dates to manage interest rate risk and maintain liquidity. As each bond matures, you reinvest at current rates. This provides regular access to principal, captures higher rates when available, and reduces overall portfolio risk through diversification across different maturities."
Tell me about a bond ladder?,"A bond ladder is a strategy of buying bonds with staggered maturity dates to manage interest rate risk and maintain liquidity. As each bond matures, you reinvest at current rates. This provides regular access to principal, captures higher rates when available, and reduces overall portfolio risk through diversification across different maturities."
"Quick question about a bond ladder, how does that work?","A bond ladder is a strategy of buying bonds with staggered maturity dates to manage interest rate risk and maintain liquidity. As each bond matures, you reinvest at current rates. This provides regular access to principal, captures higher rates when available, and reduces overall portfolio risk through diversification across different maturities."
"Can you help me understand a bond ladder, how does that work?","A bond ladder is a strategy of buying bonds with staggered maturity dates to manage interest rate risk and maintain liquidity. As each bond matures, you reinvest at current rates. This provides regular access to principal, captures higher rates when available, and reduces overall portfolio risk through diversification across different maturities."
What are alternative investments?,"Alternative investments are assets beyond traditional stocks, bonds, and cash, including real estate, private equity, hedge funds, commodities, cryptocurrency, collectibles, and structured products. They typically have lower correlation with traditional markets, potentially enhancing diversification but often with higher fees, less liquidity, and more complexity."
"I need some help understanding alternative investments, can you tell me more?","Alternative investments are assets beyond traditional stocks, bonds, and cash, including real estate, private equity, hedge funds, commodities, cryptocurrency, collectibles, and structured products. They typically have lower correlation with traditional markets, potentially enhancing diversification but often with higher fees, less liquidity, and more complexity."
"I'd like to know more about alternative investments, could you break it down for me?","Alternative investments are assets beyond traditional stocks, bonds, and cash, including real estate, private equity, hedge funds, commodities, cryptocurrency, collectibles, and structured products. They typically have lower correlation with traditional markets, potentially enhancing diversification but often with higher fees, less liquidity, and more complexity."
How does inflation affect my retirement savings?,"Inflation erodes purchasing power over time, meaning your retirement savings need to grow faster than inflation to maintain lifestyle. A 3% annual inflation rate would cut purchasing power in half in about 24 years. Investment strategies should target returns exceeding inflation, and retirement planning should account for increasing costs throughout retirement."
What's the best way to does inflation affect my retirement savings?,"Inflation erodes purchasing power over time, meaning your retirement savings need to grow faster than inflation to maintain lifestyle. A 3% annual inflation rate would cut purchasing power in half in about 24 years. Investment strategies should target returns exceeding inflation, and retirement planning should account for increasing costs throughout retirement."
Could you tell me about does inflation affect my retirement savings?,"Inflation erodes purchasing power over time, meaning your retirement savings need to grow faster than inflation to maintain lifestyle. A 3% annual inflation rate would cut purchasing power in half in about 24 years. Investment strategies should target returns exceeding inflation, and retirement planning should account for increasing costs throughout retirement."
"I'm confused about inflation affect my retirement savings, I'm trying to learn.","Inflation erodes purchasing power over time, meaning your retirement savings need to grow faster than inflation to maintain lifestyle. A 3% annual inflation rate would cut purchasing power in half in about 24 years. Investment strategies should target returns exceeding inflation, and retirement planning should account for increasing costs throughout retirement."
"Could you explain inflation affect my retirement savings, what does that mean exactly?","Inflation erodes purchasing power over time, meaning your retirement savings need to grow faster than inflation to maintain lifestyle. A 3% annual inflation rate would cut purchasing power in half in about 24 years. Investment strategies should target returns exceeding inflation, and retirement planning should account for increasing costs throughout retirement."
